{
    "sacrebleu": {
        "mean": 19.953907183946686,
        "min": 1.9296831216677215,
        "max": 67.16877364745231,
        "median": 15.991162254416784,
        "std_dev": 16.458213687007426
    },
    "rouge1": {
        "mean": 0.4897488734282176,
        "min": 0.08,
        "max": 0.8571428571428571,
        "median": 0.5523809523809524,
        "std_dev": 0.2029789813460517
    },
    "rouge2": {
        "mean": 0.26960700331617377,
        "min": 0.0,
        "max": 0.7999999999999999,
        "median": 0.2711111111111111,
        "std_dev": 0.20192033285804808
    },
    "rougeL": {
        "mean": 0.45312449080673894,
        "min": 0.08,
        "max": 0.8571428571428571,
        "median": 0.44000000000000006,
        "std_dev": 0.21078414216543567
    },
    "bertscore": {
        "mean": 0.9223874402046204,
        "min": 0.848974347114563,
        "max": 0.9911872148513794,
        "median": 0.9187142848968506,
        "std_dev": 0.03740745008331551
    },
    "meteor": {
        "mean": 0.4629417727209249,
        "min": 0.12411347517730496,
        "max": 0.8412698412698414,
        "median": 0.43824239769038065,
        "std_dev": 0.21396269636303428
    }
}