{
    "sacrebleu": {
        "mean": 19.28723863309365,
        "min": 1.9296831216677215,
        "max": 59.4603557501361,
        "median": 15.991162254416784,
        "std_dev": 15.098661930247298
    },
    "rouge1": {
        "mean": 0.4855268364352828,
        "min": 0.0,
        "max": 0.8571428571428571,
        "median": 0.5523809523809524,
        "std_dev": 0.2111821660725227
    },
    "rouge2": {
        "mean": 0.266561676094376,
        "min": 0.0,
        "max": 0.6666666666666666,
        "median": 0.28500000000000003,
        "std_dev": 0.19405080544165493
    },
    "rougeL": {
        "mean": 0.45023578714713736,
        "min": 0.0,
        "max": 0.8571428571428571,
        "median": 0.44000000000000006,
        "std_dev": 0.21494258965391266
    },
    "bertscore": {
        "mean": 0.9242042851448059,
        "min": 0.8504379987716675,
        "max": 0.9911872148513794,
        "median": 0.9219315350055695,
        "std_dev": 0.03528038744068833
    },
    "meteor": {
        "mean": 0.4780477621255433,
        "min": 0.12411347517730496,
        "max": 0.8412698412698414,
        "median": 0.4765515186022099,
        "std_dev": 0.21217591556711032
    }
}